{"sceneAircraftsCarrierData":[{"position":[{"x":-1073.8778076171875,"y":-20.5,"z":-1292.8204345703125},{"x":1147.9097900390625,"y":-20.5,"z":-701.7144165039063}],"rotation":[{"x":0.0,"y":0.9297313094139099,"z":0.0,"w":0.3682385981082916},{"x":0.0,"y":-0.8145410418510437,"z":0.0,"w":0.5801059007644653}]}]}