{"sceneAircraftsCarrierData":[{"position":[{"x":-1023.5462036132813,"y":-45.5,"z":-77.27032470703125},{"x":-401.3383483886719,"y":-45.5,"z":1008.5665283203125}],"rotation":[{"x":0.0,"y":0.2623059153556824,"z":0.0,"w":0.9649847745895386},{"x":0.0,"y":-0.4387039840221405,"z":0.0,"w":0.8986316323280335}]}]}