{"sceneAircraftsCarrierData":[{"position":[{"x":868.8553466796875,"y":-45.5,"z":179.41006469726563},{"x":-823.8926391601563,"y":-45.5,"z":-108.14761352539063}],"rotation":[{"x":0.0,"y":-0.43542125821113589,"z":0.0,"w":0.9002268314361572},{"x":0.0,"y":0.002705502090975642,"z":0.0,"w":0.9999963641166687}]}]}